e 	0.0308114265578
 t	0.0255056097854
th	0.0204018777915
 a	0.0178454378892
s 	0.0165682674603
he	0.0160573722052
in	0.0155634547665
t 	0.0148626982405
d 	0.0137327030143
n 	0.012195135016
er	0.0116248929948
 i	0.0116215357225
re	0.0110185979702
an	0.0109529083012
 s	0.0100626918471
on	0.00997049690433
ou	0.0099270748546
 w	0.00980003594456
o 	0.00928881954455
 o	0.00898847465234
at	0.00882948578254
r 	0.00864830788428
to	0.00844441245489
y 	0.00829374689651
or	0.00812394455065
en	0.00793291355989
 c	0.00784146949321
is	0.00752292040384
es	0.00740757652526
te	0.00725125246506
ha	0.00713135592195
ng	0.00710196718083
ti	0.00707541827728
it	0.00683450992055
 m	0.00670947040191
 b	0.00670807091622
nd	0.00663526418485
 f	0.00652025401735
 p	0.00642350985326
ed	0.00641406900517
ar	0.00635441665414
st	0.00628329784219
al	0.00623416755232
me	0.00612680408323
, 	0.00607876493117
 h	0.0060526871984
nt	0.00602874646018
ve	0.00557586474225
 d	0.00555959053153
g 	0.00549891249052
se	0.00541127732423
l 	0.00520069182475
le	0.0051229566666
as	0.00510303274448
a 	0.00508374967479
yo	0.00489798057309
 y	0.00486512453081
ea	0.00460273817285
li	0.00458428579634
hi	0.00458134626304
f 	0.00452742129564
co	0.00451466128839
of	0.00439362775734
ro	0.00438822718684
 l	0.00438740218145
ll	0.00421705245629
de	0.00418135469202
ne	0.00406209087712
ce	0.00397928462366
 r	0.0039762555615
io	0.00395180369088
ic	0.00390291964402
om	0.00381857549762
i 	0.00377882111466
be	0.00374033291686
ri	0.0037011508503
si	0.00365244783757
fo	0.00363758911929
ho	0.00355965051189
ca	0.00355203193395
ra	0.00351646866243
h 	0.00351062553667
 g	0.00348682224183
la	0.00348635666646
u 	0.0034539100859
 n	0.00345339230792
 e	0.0034480265295
ee	0.00338652715908
ur	0.00337273280328
ma	0.00337166806598
ch	0.00320757404071
il	0.0031803990175
ta	0.00317716850648
di	0.00311570416691
el	0.00308921357067
*i	0.00306070892357
et	0.0030070197167
we	0.00297153223566
us	0.0029361294945
no	0.00288059997765
ot	0.00285727604563
id	0.00285504295547
so	0.00283081791601
ac	0.0027862542327
do	0.00278020119428
wi	0.00276630036689
wh	0.00272921655888
ss	0.0027061230953
ul	0.00270601872492
ow	0.00267965385543
ut	0.00266535476122
pe	0.00264668222223
m 	0.00263083659134
pr	0.00262521643204
ec	0.00259700678906
ay	0.00251756398313
ai	0.00250467246053
ni	0.00249028485056
lo	0.00245484425423
rs	0.00243472793428
un	0.00237692380165
ol	0.00236111195732
wa	0.00236029395513
ge	0.00235636718376
ns	0.00231838249897
ad	0.00228519585058
av	0.00227566490923
ke	0.00225797127505
ly	0.00223615513541
wo	0.00223414969934
. 	0.00217713263101
da	0.00216421991761
na	0.00215320598155
tr	0.00215037864459
po	0.00213153973521
ld	0.00208586807821
 u	0.00208345243755
ie	0.00206308291957
mo	0.00206294555828
nc	0.00203764059766
am	0.00203081762015
em	0.00200961505402
ct	0.00199788653894
pl	0.00189655116147
rt	0.00188568125133
w 	0.0018578925846
pa	0.00182020167688
sa	0.00178449477902
ia	0.0017701390372
k 	0.0017701112746
fi	0.00175987875143
vi	0.00173184466674
oo	0.00170420622186
mi	0.00170309501142
*w	0.0016908091745
sh	0.00168707048274
im	0.00168584571563
ir	0.00167044509925
os	0.00161828351487
ts	0.00161193175409
go	0.00161179836365
op	0.00157844010898
*t	0.00153974393385
ab	0.00149780683694
ig	0.00146009606219
ci	0.00145847806467
fe	0.00145557188428
su	0.00144399615558
bl	0.00142383455388
iv	0.00141858963847
fr	0.00139260107776
s.	0.00134982916639
bo	0.00132621404695
ov	0.00130251746286
if	0.00130143559027
ex	0.00130127570666
ry	0.00127922809961
e.	0.00127667296627
ev	0.00126872220627
ag	0.00124882214858
gh	0.0012485783748
ty	0.00123536473044
ap	0.00123489393841
cu	0.00122620010888
od	0.0012177103517
rm	0.00116882121366
rd	0.00116641979793
's	0.00115676630392
gr	0.00111252023456
ba	0.00109700511564
mp	0.00108183111789
oi	0.00106701966155
s,	0.00106457852799
sp	0.00104794140997
tt	0.00104286768798
cl	0.00103427950535
p 	0.00102897625749
ki	0.00102863309224
bu	0.00102067977275
*d	0.00101802368263
 v	0.00100624629261
*h	0.000982050295489
ef	0.000973548330433
ff	0.00096275462808
up	0.000957430120008
ak	0.000952608511682
ue	0.000945259766091
t.	0.000936880122232
rn	0.000934922781638
ck	0.000934030041933
sc	0.000921049651215
rk	0.00092010914612
my	0.000909526867124
 j	0.000908611592656
tu	0.000901820576698
cr	0.000885078150888
ei	0.000878956008079
ls	0.000874374628165
*a	0.000864360977959
rr	0.000861636970277
ga	0.000857828614332
mu	0.000852979803324
oc	0.000849135473759
 k	0.000847573549501
ht	0.000844396261387
ey	0.000836101915917
bi	0.000835180315888
ep	0.000832038876556
fa	0.000809247453034
uc	0.000805872741078
y.	0.000805340849308
ny	0.000797757587139
ik	0.000793712171002
e,	0.000792458696591
nk	0.000788145222131
pp	0.000787234308367
by	0.000776611057805
pi	0.000771502957379
au	0.000767657178637
d.	0.000755469321925
lu	0.000731540847289
ew	0.000726586522366
 (	0.000725947805803
ob	0.000696894030083
e?	0.000695518639713
gi	0.000692214697773
ug	0.000690524143844
ua	0.000676265484267
n'	0.000673406071422
cc	0.000669399524994
ib	0.000667887128677
*c	0.000665151204138
du	0.000663568763847
lt	0.000662376828351
va	0.000657341094008
c 	0.000641472030013
af	0.000637984067945
qu	0.000636098486459
rc	0.000624622955216
nn	0.000623799246334
um	0.000621107266903
br	0.000619910313903
ok	0.000618506767644
ye	0.000618042290995
i'	0.000608523818246
eg	0.000599684661105
rl	0.000572514636493
't	0.000566442842001
ft	0.000557055128041
ks	0.000555623061778
ru	0.000545951508367
mm	0.000545596108822
n.	0.000545559417
og	0.000541126353537
ds	0.000540157527964
t?	0.000538571528438
*m	0.000535706586199
y,	0.000532903573127
eo	0.000529321418046
mb	0.00052821271063
fu	0.00052735602029
rg	0.000525791227171
 1	0.000521488509754
gn	0.000515578941175
gu	0.00051151243748
aw	0.000510159113164
ju	0.000498046614373
pu	0.000495040399738
*s	0.000493275077015
ms	0.000487236648538
  	0.000485857674057
tw	0.000478673298364
ys	0.000476862947585
nf	0.000473911498518
dr	0.000472143247874
ui	0.000459554753963
hu	0.000457007883415
t,	0.000456089317565
r.	0.000455890090211
xt	0.000447077202472
ud	0.000442160803066
ip	0.000441573707362
n,	0.000441125439544
tl	0.000436704893531
wn	0.000425752321293
) 	0.00042570224317
ph	0.000417815649003
s?	0.000414488044908
ek	0.000412111353582
hr	0.000410137637845
eb	0.000408772263613
pt	0.000408123894298
sl	0.000404708916822
t'	0.000401444508664
kn	0.000396460558638
y?	0.00039612876453
 2	0.000391102697357
r,	0.000389838163036
sm	0.000386787324365
d,	0.000383995378838
fl	0.000361025463407
*y	0.000359567362096
sy	0.000359460033853
nu	0.000357836223096
ps	0.000356348773814
rv	0.000354655110289
jo	0.000347923475508
*p	0.000347226872543
gs	0.000344125858834
vo	0.000335343243142
g.	0.000334304853651
ub	0.00033107796904
'm	0.000327913532673
oe	0.000326355643143
*b	0.000325294663665
oa	0.000322141916379
nl	0.000317273688569
xp	0.000315338845613
lk	0.000302774878186
dy	0.000297336265898
sk	0.00029607256476
 q	0.000294781958265
lp	0.000293778302275
b 	0.000287154765658
nm	0.000283552732263
nv	0.000277894500121
e'	0.000276918062615
*f	0.000275568098163
hy	0.000275384616998
iz	0.000272502939258
l.	0.000272423966757
sd	0.000267185429905
" """	0.000260216482325
je	0.000259263079306
gl	0.000258357122529
dd	0.000252160777965
tc	0.00025015700183
ws	0.000249860418209
m.	0.000248819576325
n?	0.000246020070007
tm	0.000241175332903
r?	0.000239891713298
*e	0.000235158775344
cy	0.000234849320666
0 	0.000233455118672
00	0.000226362420475
l,	0.000222524974459
cs	0.000221859765171
yi	0.000218234316816
 <	0.00021561720879
 '	0.000212370529091
*o	0.000209432819931
ze	0.000209006729142
bs	0.00020573022978
' 	0.000199909894048
k.	0.000199226040219
eq	0.000196116584422
e-	0.000195117512939
d?	0.000194880467493
lf	0.00019480897858
g?	0.000193068558176
20	0.000192207368526
a,	0.000191434697107
g,	0.000190350202245
*l	0.000188955774261
ym	0.00018850855087
""" "	0.000187766254436
o,	0.000187727089778
hn	0.000184921151891
; 	0.000181189913793
- 	0.000180426495746
*n	0.000180294108479
: 	0.000179744060392
p.	0.000178980637781
).	0.000176556269986
dn	0.000173741824525
xc	0.000172431237432
eu	0.00017161898489
ah	0.000171122582197
e>	0.000170319475851
gg	0.000169620508357
fn	0.000168517199648
</	0.000168507566533
*r	0.000166782154265
xi	0.000166703943037
ja	0.00016415399392
'r	0.000163033953544
xa	0.000162986805204
19	0.000162637388602
a.	0.000161475477992
dl	0.000161386589221
lv	0.000160222684623
rp	0.000158743367083
oy	0.000157646463077
sn	0.000157019914594
u.	0.000153305861353
g>	0.000152200382675
"."""	0.000152112516105
wr	0.000150736871996
ka	0.000142554557362
ae	0.000141165603502
'v	0.000139493350767
dg	0.000139282849187
 3	0.000138387445115
w.	0.000136935804462
ya	0.000133671996343
'l	0.000130994986756
eh	0.000130541213383
yl	0.000128375713728
x 	0.000128282928353
r-	0.000127073612712
 -	0.000125240627957
h,	0.000125037826906
h.	0.000124051956541
m,	0.000122262624034
n-	0.000121470887371
ix	0.000120406321637
yt	0.000119613135798
*g	0.000119090917623
 6	0.00011886038927
k?	0.000118116516044
pm	0.000116264006909
yc	0.00011622830162
lm	0.000115369595065
sw	0.000114995262858
o-	0.000114331991123
o.	0.000114254699484
dm	0.000114102711691
*j	0.000113602895806
gy	0.000113388549821
 5	0.000112622731251
 4	0.000111200878833
rb	0.000110846830819
/h	0.000110608833624
*-	0.000109864553461
2 	0.000108407098364
za	0.000107955191363
y'	0.000107410751442
r'	0.000107345617222
ml	0.000106972225372
wd	0.000106560069779
1 	0.000106401944234
sr	0.000105603632583
zi	0.000105466835657
yn	0.00010470886673
yp	0.000104476606046
 ,	0.000103907599562
bm	0.000102533964916
dv	0.000102322116772
az	0.000101872476654
u'	0.00010160150899
rf	0.000101592204476
<f	0.000101466921783
m?	9.99360561762e-05
99	9.78431031484e-05
py	9.64066004367e-05
k,	9.53821711479e-05
sf	9.51893582766e-05
-c	9.51607156229e-05
'd	9.43866676677e-05
rw	9.43013204351e-05
-t	9.32767628007e-05
nh	9.26849485486e-05
ww	9.18479813855e-05
w3	9.18479813855e-05
w?	9.15426342287e-05
lc	9.145167883e-05
 .	9.08106288414e-05
u?	9.06453952139e-05
xe	9.00790099494e-05
t-	9.00671099508e-05
-s	9.00004693901e-05
-p	8.94961401794e-05
i,	8.94549857709e-05
ko	8.88126868621e-05
gt	8.85342238913e-05
 z	8.79903442573e-05
hd	8.7802276398e-05
0.	8.77821924603e-05
><	8.6971647243e-05
5 	8.68524860987e-05
a'	8.68435416166e-05
w,	8.57769099842e-05
(a	8.56660304236e-05
-m	8.56108579198e-05
-b	8.42801868898e-05
*u	8.32659510033e-05
10	8.23398126436e-05
ji	8.226662283e-05
1.	8.18320702403e-05
d'	8.04511719742e-05
/f	7.97240099727e-05
aj	7.92909372599e-05
c.	7.86404347002e-05
f.	7.82509380887e-05
s)	7.82082516052e-05
 7	7.70596140226e-05
tn	7.64052867697e-05
-d	7.63033259568e-05
<h	7.61001913376e-05
.c	7.60688241241e-05
hl	7.50621297195e-05
oh	7.44529867905e-05
e)	7.43037031156e-05
nj	7.39609690788e-05
3 	7.39278130991e-05
3c	7.32492281729e-05
2.	7.30592424725e-05
ax	7.20594823575e-05
i-	7.1486374048e-05
-o	7.14329081405e-05
3.	7.12084713645e-05
(t	7.10698130336e-05
4 	7.06190523416e-05
rh	7.01354188248e-05
ox	6.99228820474e-05
np	6.91012280754e-05
t!	6.85319187246e-05
tp	6.85101024562e-05
lw	6.82269259036e-05
wg	6.8035541767e-05
fy	6.60595905774e-05
(w	6.59102811682e-05
uf	6.52277174688e-05
 9	6.51348294835e-05
e/	6.50422708288e-05
ky	6.49499431309e-05
.1	6.47571302596e-05
ln	6.45254555978e-05
wl	6.4172096217e-05
yb	6.3959127498e-05
bt	6.38672574761e-05
hm	6.34345140939e-05
l-	6.32778384532e-05
30	6.28229759357e-05
s'	6.21692089701e-05
mc	6.1121514237e-05
6 	6.06802840488e-05
 8	5.94043278466e-05
s:	5.89686289479e-05
c,	5.76290134358e-05
7 	5.61874371109e-05
lr	5.5344224291e-05
hs	5.50416524337e-05
uy	5.4528075874e-05
wc	5.4299968485e-05
.2	5.39042519512e-05
iq	5.3773520139e-05
l'	5.32201100011e-05
9 	5.2647561979e-05
yr	5.262714944e-05
.,	5.19542445901e-05
16	5.18703010869e-05
ii	5.17198453686e-05
-r	5.1656746346e-05
df	5.16556257715e-05
-a	5.1620737461e-05
uo	5.15480053235e-05
v 	5.14521360873e-05
o?	5.08826983909e-05
8 	5.08350923741e-05
6.	5.06765817915e-05
d-	5.06687836185e-05
4.	5.04653196688e-05
(1	5.01141245605e-05
tb	4.9454194108e-05
p,	4.939112082e-05
sq	4.91893634666e-05
3,	4.90789158477e-05
..	4.86809324304e-05
dt	4.85232388263e-05
-f	4.83011972795e-05
-y	4.8118706156e-05
pd	4.79122866898e-05
iu	4.77472268543e-05
bj	4.76631550056e-05
(i	4.73768938617e-05
-l	4.69970303653e-05
),	4.68876007099e-05
(b	4.67665020126e-05
e:	4.66825585094e-05
iw	4.66105150048e-05
-i	4.63026950129e-05
zo	4.62778974936e-05
pc	4.57690087812e-05
y-	4.56214059682e-05
mr	4.56184247172e-05
:3	4.52950083793e-05
l:	4.52307887822e-05
s-	4.52144780688e-05
t)	4.51676897597e-05
bb	4.5011014119e-05
-1	4.48729160754e-05
*k	4.48453939963e-05
15	4.4532042715e-05
? 	4.442699804e-05
*(	4.40946372199e-05
5,	4.40872709886e-05
& 	4.3751800572e-05
 &	4.3751800572e-05
cp	4.34858236215e-05
dw	4.32447468015e-05
sb	4.31979584924e-05
 x	4.31979584924e-05
l?	4.31644739114e-05
w'	4.27243900322e-05
u,	4.26860885291e-05
-u	4.22725087656e-05
tv	4.20859158167e-05
* 	4.20792639526e-05
1,	4.18780668865e-05
>t	4.16739143039e-05
s;	4.16367591098e-05
50	4.12197404193e-05
oj	4.0413811139e-05
l)	4.02035669797e-05
nb	3.93820156189e-05
 0	3.9186935864e-05
i.	3.90922129368e-05
kl	3.90645625121e-05
y!	3.88480265203e-05
a?	3.88305952322e-05
-w	3.86498364396e-05
14	3.84109238921e-05
25	3.83179075612e-05
aa	3.82920920784e-05
lg	3.80411511867e-05
"""t"	3.80039959926e-05
t;	3.79475745686e-05
98	3.7828054122e-05
5.	3.75599128991e-05
ao	3.74596586824e-05
m'	3.66890496544e-05
mw	3.6441650301e-05
nr	3.64124216255e-05
0)	3.62196087542e-05
(c	3.6163875963e-05
a)	3.60072003224e-05
kg	3.58950461072e-05
kp	3.55614106325e-05
11	3.5470100898e-05
e!	3.51893453091e-05
tf	3.51082547113e-05
-e	3.49341477826e-05
uk	3.49257635878e-05
yw	3.46005123079e-05
>i	3.44262770337e-05
/>	3.44262770337e-05
*v	3.43898104724e-05
24	3.43519666455e-05
v.	3.40831367896e-05
--	3.40177708835e-05
fs	3.37049798895e-05
o'	3.36570452714e-05
:0	3.34530210344e-05
90	3.3428223515e-05
zh	3.32536589102e-05
ij	3.32536589102e-05
f,	3.3251263681e-05
-g	3.30034066514e-05
p?	3.27022385235e-05
.8	3.26240008311e-05
0,	3.22363391616e-05
.0	3.22249994503e-05
b)	3.20677635223e-05
t:	3.18457219756e-05
"s"""	3.13853281686e-05
kh	3.12382856429e-05
80	3.11908087009e-05
(s	3.07935139165e-05
oz	3.06447647945e-05
_ 	3.06159937952e-05
.o	3.06159937952e-05
 _	3.06159937952e-05
2,	3.02023882972e-05
97	3.01363337582e-05
(o	3.00806009671e-05
! 	2.99582276152e-05
18	2.97390389738e-05
] 	2.96922506647e-05
pw	2.92949558802e-05
vy	2.92301502614e-05
'c	2.90344844847e-05
mn	2.90266863117e-05
.e	2.90261260244e-05
>s	2.8990549081e-05
96	2.8990549081e-05
ez	2.89726601168e-05
z 	2.87691961671e-05
yu	2.85939429294e-05
(g	2.85560991024e-05
h?	2.83857911324e-05
ku	2.81402267209e-05
5-	2.80939986991e-05
zz	2.79140576141e-05
01	2.78803413471e-05
h)	2.77236657065e-05
x,	2.76397222033e-05
12	2.73077933249e-05
"*"""	2.72075391083e-05
.6	2.71882728784e-05
03	2.70670458355e-05
(2	2.69848089287e-05
(r	2.69194430226e-05
n:	2.68540771164e-05
.g	2.68540771164e-05
2-	2.67909780939e-05
.7	2.67909780939e-05
wy	2.6456782332e-05
b.	2.63637660011e-05
(p	2.63468950004e-05
r)	2.62533183822e-05
.5	2.61716417627e-05
= 	2.60684320296e-05
n)	2.598675541e-05
/2	2.58278128857e-05
pk	2.57059998211e-05
dj	2.56249092233e-05
-h	2.56063316262e-05
40	2.55612499135e-05
dc	2.55144616044e-05
mf	2.54496559856e-05
"""a"	2.53859966758e-05
'.	2.53667304459e-05
lb	2.53098513457e-05
(n	2.5107533705e-05
u!	2.4984014044e-05
m/	2.48854921582e-05
pf	2.48669145612e-05
.n	2.48201262521e-05
17	2.45067749708e-05
y)	2.44414090647e-05
"""s"	2.43783100422e-05
21	2.4284733424e-05
s/	2.40344811652e-05
.w	2.40344811652e-05
13	2.39528045457e-05
4,	2.38597882148e-05
p;	2.38124396185e-05
()	2.38124396185e-05
aq	2.35555097612e-05
3)	2.35548211283e-05
.4	2.33609902936e-05
.3	2.33609902936e-05
0-	2.33238350994e-05
nw	2.31485818617e-05
7,	2.31203711497e-05
h-	2.31017935527e-05
cg	2.30550052436e-05
23	2.27416539623e-05
i)	2.25099793006e-05
bv	2.20844738041e-05
60	2.19560088754e-05
yd	2.19463757605e-05
7)	2.19463757605e-05
f-	2.17976266385e-05
n<	2.17429118107e-05
4)	2.17429118107e-05
04	2.17429118107e-05
 $	2.15822369557e-05
x-	2.15119257819e-05
0p	2.14183491637e-05
o!	2.13253328329e-05
"e"""	2.13084618322e-05
tg	2.11872347893e-05
fp	2.11614193065e-05
a-	2.11332085945e-05
"""c"	2.11332085945e-05
26	2.10864202854e-05
'a	2.09201115298e-05
-(	2.08547456237e-05
8.	2.07448582921e-05
i?	2.06501353649e-05
/a	2.06327040769e-05
o:	2.04106625301e-05
n@	2.04106625301e-05
+ 	2.04106625301e-05
*+	2.04106625301e-05
 *	2.04106625301e-05
(5	2.01158888459e-05
td	2.00505229397e-05
1)	1.99310024932e-05
.'	1.99310024932e-05
wt	1.99220580111e-05
e;	1.99124248961e-05
95	1.99124248961e-05
cm	1.97089609464e-05
"t"""	1.97000164643e-05
ej	1.95337077087e-05
m-	1.95151301117e-05
*1	1.92745109678e-05
(f	1.92463002558e-05
j.	1.91082022122e-05
38	1.90896246152e-05
k'	1.89143713775e-05
gp	1.89047382625e-05
3-	1.88027774495e-05
-2	1.87294850248e-05
"""r"	1.86923298307e-05
70	1.86178910969e-05
kd	1.84420775719e-05
d)	1.84420775719e-05
.p	1.84420775719e-05
2)	1.81190931756e-05
.;	1.81190931756e-05
(e	1.80819379815e-05
y;	1.77854577009e-05
1-	1.77314315061e-05
bc	1.7656432485e-05
3/	1.7637854888e-05
7t	1.75448385571e-05
05	1.75183344414e-05
nq	1.75093899593e-05
-n	1.74997568444e-05
6:	1.74518222263e-05
(l	1.74343909382e-05
w-	1.73413746074e-05
"""p"	1.71024620599e-05
t=	1.70088854418e-05
t/	1.70088854418e-05
s_	1.70088854418e-05
s@	1.70088854418e-05
g]	1.70088854418e-05
@i	1.70088854418e-05
-,	1.70088854418e-05
kf	1.6980088708e-05
km	1.68989981102e-05
7.	1.68989981102e-05
sg	1.67591934702e-05
"d"""	1.67237448725e-05
6,	1.67237448725e-05
66	1.67141117575e-05
xu	1.66025178296e-05
63	1.65106478078e-05
(d	1.65106478078e-05
j 	1.64920702107e-05
wf	1.64909239017e-05
d/	1.64267043046e-05
g!	1.63511192618e-05
dh	1.6316816973e-05
>c	1.63071838581e-05
'g	1.63071838581e-05
',	1.63071838581e-05
*2	1.62514510669e-05
"""i"	1.60947754262e-05
hw	1.60479871172e-05
"y"""	1.58727338795e-05
4-	1.58727338795e-05
kr	1.57797175486e-05
22	1.57160582388e-05
c-	1.56224816207e-05
n;	1.55029611741e-05
!!	1.5436448959e-05
.s	1.5419017671e-05
49	1.52623420303e-05
1/	1.52437644333e-05
b,	1.51507481024e-05
dp	1.50870887926e-05
31	1.50870887926e-05
ux	1.48650472458e-05
r:	1.48368365338e-05
93	1.48368365338e-05
pn	1.46987384902e-05
8:	1.4614794987e-05
/o	1.4614794987e-05
2:	1.45217786562e-05
t>	1.44952745405e-05
cj	1.44952745405e-05
>h	1.44952745405e-05
>2	1.44952745405e-05
1h	1.44952745405e-05
0s	1.44952745405e-05
0m	1.44952745405e-05
'p	1.44952745405e-05
'i	1.44952745405e-05
iy	1.44863300584e-05
g-	1.44863300584e-05
mh	1.44766969434e-05
 [	1.42732329937e-05
cq	1.42720866847e-05
(j	1.42546553967e-05
gb	1.42360777996e-05
.a	1.42360777996e-05
5:	1.41430614688e-05
g'	1.4107612871e-05
62	1.4097979756e-05
"""w"	1.4079402159e-05
wb	1.39570288071e-05
tz	1.39041489213e-05
g)	1.38291499002e-05
.m	1.37829218784e-05
z,	1.37006849715e-05
nz	1.37006849715e-05
"""f"	1.37006849715e-05
w1	1.36071083534e-05
r_	1.36071083534e-05
e_	1.36071083534e-05
bp	1.36071083534e-05
@w	1.36071083534e-05
6t	1.36071083534e-05
/p	1.36071083534e-05
/0	1.36071083534e-05
.h	1.36071083534e-05
9.	1.34972210218e-05
9,	1.34972210218e-05
29	1.34972210218e-05
ih	1.34786434248e-05
kw	1.33574163819e-05
"n"""	1.3275179475e-05
"""."	1.30249272163e-05
l!	1.29493421734e-05
??	1.29493421734e-05
$2	1.29493421734e-05
9-	1.28496739786e-05
mt	1.27566576477e-05
z-	1.26833652229e-05
>r	1.26833652229e-05
>a	1.26833652229e-05
<t	1.26833652229e-05
02	1.26833652229e-05
d:	1.26647876259e-05
p)	1.26462100288e-05
cn	1.26462100288e-05
*7	1.24709567911e-05
5)	1.24613236762e-05
06	1.24613236762e-05
x.	1.24427460791e-05
zm	1.22860704385e-05
75	1.22860704385e-05
"""b"	1.22674928414e-05
gw	1.22207045323e-05
1:	1.22207045323e-05
*3	1.22207045323e-05
*z	1.20922396037e-05
64	1.20826064887e-05
gd	1.20640288917e-05
c)	1.20640288917e-05
43	1.20640288917e-05
f?	1.20346718706e-05
d!	1.20346718706e-05
yg	1.20172405826e-05
[i	1.20172405826e-05
08	1.20172405826e-05
 /	1.20172405826e-05
( 	1.1888775654e-05
xf	1.1879142539e-05
81	1.1879142539e-05
hh	1.18419873449e-05
*q	1.18419873449e-05
h'	1.16853117043e-05
.9	1.16853117043e-05
,0	1.15640846614e-05
uv	1.14632701575e-05
uz	1.13702538266e-05
zu	1.12598062078e-05
47	1.12598062078e-05
nx	1.12130178987e-05
xh	1.09633259272e-05
54	1.09633259272e-05
s<	1.08714559054e-05
r(	1.08714559054e-05
0g	1.08714559054e-05
xy	1.08528783083e-05
53	1.06776250706e-05
)-	1.06494143586e-05
'w	1.06494143586e-05
'e	1.06494143586e-05
yf	1.06482680496e-05
bw	1.06482680496e-05
69	1.04741611209e-05
36	1.04741611209e-05
0?	1.04448040998e-05
/l	1.04273728118e-05
.t	1.04273728118e-05
82	1.0362567193e-05
y_	1.02053312651e-05
x*	1.02053312651e-05
n/	1.02053312651e-05
mg	1.02053312651e-05
jk	1.02053312651e-05
_w	1.02053312651e-05
_r	1.02053312651e-05
_h	1.02053312651e-05
@h	1.02053312651e-05
@a	1.02053312651e-05
9a	1.02053312651e-05
6/	1.02053312651e-05
0a	1.02053312651e-05
/w	1.02053312651e-05
/u	1.02053312651e-05
/d	1.02053312651e-05
.u	1.02053312651e-05
.)	1.02053312651e-05
k-	1.01591032433e-05
89	1.01591032433e-05
"r"""	1.00768663364e-05
-5	1.00768663364e-05
-3	1.00768663364e-05
6)	1.00672332215e-05
5t	1.00672332215e-05
61	1.00486556244e-05
45	9.95563929355e-06
(y	9.82661407763e-06
cd	9.75217534383e-06
gm	9.66993843697e-06
73	9.66993843697e-06
fm	9.62315012791e-06
/ 	9.62315012791e-06
hc	9.46647448725e-06
(4	9.46647448725e-06
kt	9.4478968902e-06
-k	9.4478968902e-06
zl	9.35488055935e-06
pg	9.35488055935e-06
87	9.26301053753e-06
v,	9.24443294048e-06
8,	9.24443294048e-06
28	9.24443294048e-06
wk	9.15141660963e-06
6-	9.06917970277e-06
d;	9.05954658781e-06
>w	9.05954658781e-06
>3	9.05954658781e-06
%)	9.05954658781e-06
 =	9.05954658781e-06
41	9.04096899076e-06
q,	8.86571575305e-06
"""m"	8.86571575305e-06
(0	8.83750504104e-06
% 	8.83750504104e-06
p-	8.81892744398e-06
fw	8.81892744398e-06
cf	8.81892744398e-06
7-	8.81892744398e-06
*5	8.81892744398e-06
(m	8.66225180333e-06
x?	8.63289478228e-06
b?	8.63289478228e-06
6?	8.63289478228e-06
'?	8.63289478228e-06
a/	8.61546349426e-06
9:	8.61546349426e-06
5a	8.61546349426e-06
4:	8.61546349426e-06
1a	8.61546349426e-06
/s	8.61546349426e-06
/g	8.61546349426e-06
.i	8.61546349426e-06
'h	8.61546349426e-06
88	8.45878785361e-06
(h	8.45878785361e-06
*6	8.44021025656e-06
u-	8.3471939257e-06
32	8.23674630684e-06
(u	8.23674630684e-06
gk	8.06149306913e-06
bd	8.06149306913e-06
67	7.85802911941e-06
55	7.85802911941e-06
"""l"	7.85802911941e-06
"""e"	7.85802911941e-06
m5	7.81124081034e-06
m1	7.81124081034e-06
h:	7.81124081034e-06
g:	7.81124081034e-06
f'	7.81124081034e-06
*4	7.81124081034e-06
xb	7.71822447949e-06
s!	7.71822447949e-06
k!	7.71822447949e-06
9?	7.71822447949e-06
68	7.65456516969e-06
65	7.65456516969e-06
52	7.65456516969e-06
44	7.65456516969e-06
(6	7.65456516969e-06
"""o"	7.65456516969e-06
"""u"	7.43252362292e-06
vu	7.24763727025e-06
l<	7.24763727025e-06
k<	7.24763727025e-06
bz	7.24763727025e-06
>m	7.24763727025e-06
>f	7.24763727025e-06
>b	7.24763727025e-06
>(	7.24763727025e-06
9)	7.24763727025e-06
2n	7.24763727025e-06
2h	7.24763727025e-06
1s	7.24763727025e-06
1(	7.24763727025e-06
"""["	7.24763727025e-06
cb	7.2290596732e-06
.v	7.2290596732e-06
zy	7.13604334234e-06
uj	7.05380643549e-06
/4	7.05380643549e-06
"""h"	7.05380643549e-06
e]	7.02559572348e-06
c(	7.02559572348e-06
[t	7.02559572348e-06
0'	7.02559572348e-06
hb	6.85034248577e-06
33	6.85034248577e-06
"""n"	6.85034248577e-06
yz	6.8035541767e-06
y*	6.8035541767e-06
xs	6.8035541767e-06
x:	6.8035541767e-06
r@	6.8035541767e-06
o@	6.8035541767e-06
l4	6.8035541767e-06
l/	6.8035541767e-06
hg	6.8035541767e-06
"g"""	6.8035541767e-06
fb	6.8035541767e-06
d[	6.8035541767e-06
d@	6.8035541767e-06
cw	6.8035541767e-06
c@	6.8035541767e-06
a@	6.8035541767e-06
_t	6.8035541767e-06
_s	6.8035541767e-06
_n	6.8035541767e-06
_f	6.8035541767e-06
_a	6.8035541767e-06
@s	6.8035541767e-06
?n	6.8035541767e-06
;k	6.8035541767e-06
:c	6.8035541767e-06
5p	6.8035541767e-06
4/	6.8035541767e-06
3p	6.8035541767e-06
2f	6.8035541767e-06
/r	6.8035541767e-06
/n	6.8035541767e-06
.x	6.8035541767e-06
!?	6.8035541767e-06
"c"""	6.64687853605e-06
(3	6.64687853605e-06
'o	6.64687853605e-06
r;	6.44341458633e-06
mv	6.44341458633e-06
94	6.44341458633e-06
91	6.44341458633e-06
85	6.44341458633e-06
m)	6.42483698928e-06
hp	6.42483698928e-06
dq	6.42483698928e-06
0t	6.42483698928e-06
-j	6.42483698928e-06
:2	6.22137303955e-06
09	6.22137303955e-06
(z	6.22137303955e-06
wp	6.1283567087e-06
qi	6.04611980185e-06
db	6.04611980185e-06
c'	6.04611980185e-06
-0	6.04611980185e-06
"""g"	6.04611980185e-06
lh	5.84265585213e-06
92	5.84265585213e-06
76	5.84265585213e-06
57	5.84265585213e-06
35	5.84265585213e-06
"""d"	5.84265585213e-06
74	5.63919190241e-06
72	5.63919190241e-06
·	5.43572795269e-06
>p	5.43572795269e-06
>o	5.43572795269e-06
>l	5.43572795269e-06
>k	5.43572795269e-06
>g	5.43572795269e-06
>e	5.43572795269e-06
<e	5.43572795269e-06
86	5.43572795269e-06
83	5.43572795269e-06
8)	5.43572795269e-06
/e	5.43572795269e-06
.<	5.43572795269e-06
,'	5.43572795269e-06
'u	5.43572795269e-06
""";"	5.43572795269e-06
y:	5.41715035563e-06
p'	5.41715035563e-06
kb	5.41715035563e-06
hv	5.41715035563e-06
f)	5.41715035563e-06
8t	5.41715035563e-06
"""v"	5.41715035563e-06
w)	5.21368640591e-06
tk	5.21368640591e-06
f2	5.21368640591e-06
[f	5.21368640591e-06
2a	5.21368640591e-06
1%	5.21368640591e-06
/b	5.21368640591e-06
8-	5.03843316821e-06
42	5.03843316821e-06
39	5.03843316821e-06
-6	5.03843316821e-06
-4	5.03843316821e-06
,-	5.03843316821e-06
(.	5.03843316821e-06
xo	4.83496921849e-06
59	4.83496921849e-06
56	4.83496921849e-06
"""j"	4.83496921849e-06
w:	4.63150526877e-06
g;	4.63150526877e-06
84	4.63150526877e-06
1m	4.63150526877e-06
-v	4.63150526877e-06
):	4.63150526877e-06
(8	4.63150526877e-06
v-	4.40946372199e-06
o)	4.40946372199e-06
k/	4.40946372199e-06
a:	4.40946372199e-06
8a	4.40946372199e-06
5/	4.40946372199e-06
-8	4.40946372199e-06
*9	4.40946372199e-06
w!	4.31644739114e-06
t&	4.31644739114e-06
r!	4.31644739114e-06
o2	4.31644739114e-06
n!	4.31644739114e-06
m!	4.31644739114e-06
f!	4.31644739114e-06
c?	4.31644739114e-06
4?	4.31644739114e-06
3d	4.31644739114e-06
1p	4.31644739114e-06
1?	4.31644739114e-06
&t	4.31644739114e-06
$8	4.31644739114e-06
$5	4.31644739114e-06
yj	4.03074653457e-06
wm	4.03074653457e-06
"w"""	4.03074653457e-06
vs	4.03074653457e-06
rz	4.03074653457e-06
q 	4.03074653457e-06
kk	4.03074653457e-06
bn	4.03074653457e-06
27	4.03074653457e-06
,,	4.03074653457e-06
*.	4.03074653457e-06
yh	3.82728258485e-06
uu	3.82728258485e-06
rx	3.82728258485e-06
j,	3.82728258485e-06
77	3.82728258485e-06
4t	3.82728258485e-06
48	3.82728258485e-06
,.	3.82728258485e-06
º	3.62381863512e-06
~0	3.62381863512e-06
t]	3.62381863512e-06
pb	3.62381863512e-06
md	3.62381863512e-06
l3	3.62381863512e-06
g<	3.62381863512e-06
fd	3.62381863512e-06
e<	3.62381863512e-06
[a	3.62381863512e-06
"?"""	3.62381863512e-06
>u	3.62381863512e-06
>n	3.62381863512e-06
>j	3.62381863512e-06
>d	3.62381863512e-06
>1	3.62381863512e-06
<l	3.62381863512e-06
<a	3.62381863512e-06
8v	3.62381863512e-06
8g	3.62381863512e-06
8(	3.62381863512e-06
5%	3.62381863512e-06
4s	3.62381863512e-06
4h	3.62381863512e-06
3k	3.62381863512e-06
,5	3.62381863512e-06
)b	3.62381863512e-06
'q	3.62381863512e-06
'n	3.62381863512e-06
'b	3.62381863512e-06
"""y"	3.62381863512e-06
 ~	3.62381863512e-06
} 	3.40177708835e-06
y@	3.40177708835e-06
xx	3.40177708835e-06
xr	3.40177708835e-06
x4	3.40177708835e-06
x)	3.40177708835e-06
w_	3.40177708835e-06
w;	3.40177708835e-06
w9	3.40177708835e-06
w/	3.40177708835e-06
vv	3.40177708835e-06
vt	3.40177708835e-06
vd	3.40177708835e-06
v?	3.40177708835e-06
tx	3.40177708835e-06
t_	3.40177708835e-06
t[	3.40177708835e-06
t1	3.40177708835e-06
t*	3.40177708835e-06
s\	3.40177708835e-06
s7	3.40177708835e-06
s2	3.40177708835e-06
s(	3.40177708835e-06
rj	3.40177708835e-06
qv	3.40177708835e-06
qe	3.40177708835e-06
qc	3.40177708835e-06
p@	3.40177708835e-06
p7	3.40177708835e-06
o/	3.40177708835e-06
n_	3.40177708835e-06
n1	3.40177708835e-06
m9	3.40177708835e-06
l_	3.40177708835e-06
l+	3.40177708835e-06
kc	3.40177708835e-06
jf	3.40177708835e-06
i1	3.40177708835e-06
hk	3.40177708835e-06
h!	3.40177708835e-06
g_	3.40177708835e-06
f]	3.40177708835e-06
f3	3.40177708835e-06
f/	3.40177708835e-06
e@	3.40177708835e-06
e=	3.40177708835e-06
e6	3.40177708835e-06
e4	3.40177708835e-06
e2	3.40177708835e-06
e*	3.40177708835e-06
d_	3.40177708835e-06
d9	3.40177708835e-06
d*	3.40177708835e-06
b_	3.40177708835e-06
b/	3.40177708835e-06
b-	3.40177708835e-06
a(	3.40177708835e-06
a!	3.40177708835e-06
_o	3.40177708835e-06
_l	3.40177708835e-06
_i	3.40177708835e-06
_g	3.40177708835e-06
_1	3.40177708835e-06
_0	3.40177708835e-06
\c	3.40177708835e-06
@t	3.40177708835e-06
@r	3.40177708835e-06
@o	3.40177708835e-06
@l	3.40177708835e-06
@e	3.40177708835e-06
@c	3.40177708835e-06
@ 	3.40177708835e-06
?r	3.40177708835e-06
?!	3.40177708835e-06
=h	3.40177708835e-06
;t	3.40177708835e-06
;r	3.40177708835e-06
;g	3.40177708835e-06
;d	3.40177708835e-06
;/	3.40177708835e-06
:k	3.40177708835e-06
:i	3.40177708835e-06
::	3.40177708835e-06
9t	3.40177708835e-06
9p	3.40177708835e-06
8n	3.40177708835e-06
7s	3.40177708835e-06
7?	3.40177708835e-06
7%	3.40177708835e-06
5n	3.40177708835e-06
4p	3.40177708835e-06
3r	3.40177708835e-06
3a	3.40177708835e-06
3:	3.40177708835e-06
2c	3.40177708835e-06
1_	3.40177708835e-06
1]	3.40177708835e-06
/y	3.40177708835e-06
/x	3.40177708835e-06
/m	3.40177708835e-06
/i	3.40177708835e-06
/3	3.40177708835e-06
/1	3.40177708835e-06
.d	3.40177708835e-06
._	3.40177708835e-06
.*	3.40177708835e-06
.(	3.40177708835e-06
-/	3.40177708835e-06
-)	3.40177708835e-06
,r	3.40177708835e-06
+j	3.40177708835e-06
+1	3.40177708835e-06
*[	3.40177708835e-06
**	3.40177708835e-06
)a	3.40177708835e-06
)]	3.40177708835e-06
(}	3.40177708835e-06
(x	3.40177708835e-06
(v	3.40177708835e-06
'k	3.40177708835e-06
!)	3.40177708835e-06
 :	3.40177708835e-06
 +	3.40177708835e-06
uh	3.02305990092e-06
rq	3.02305990092e-06
qa	3.02305990092e-06
jm	3.02305990092e-06
jj	3.02305990092e-06
"h"""	3.02305990092e-06
gf	3.02305990092e-06
g7	3.02305990092e-06
78	3.02305990092e-06
71	3.02305990092e-06
58	3.02305990092e-06
51	3.02305990092e-06
tq	2.8195959512e-06
l;	2.8195959512e-06
"l"""	2.8195959512e-06
gj	2.8195959512e-06
"a"""	2.8195959512e-06
8m	2.8195959512e-06
3g	2.8195959512e-06
07	2.8195959512e-06
'f	2.8195959512e-06
zb	2.01537326728e-06
vk	2.01537326728e-06
uw	2.01537326728e-06
qs	2.01537326728e-06
q'	2.01537326728e-06
l0	2.01537326728e-06
e1	2.01537326728e-06
37	2.01537326728e-06
.r	2.01537326728e-06
.j	2.01537326728e-06
*8	2.01537326728e-06
(7	2.01537326728e-06
α	1.81190931756e-06
½	1.81190931756e-06
y<	1.81190931756e-06
y(	1.81190931756e-06
r<	1.81190931756e-06
q=	1.81190931756e-06
q)	1.81190931756e-06
p+	1.81190931756e-06
n]	1.81190931756e-06
m;	1.81190931756e-06
l]	1.81190931756e-06
k;	1.81190931756e-06
j]	1.81190931756e-06
j)	1.81190931756e-06
i+	1.81190931756e-06
h;	1.81190931756e-06
g3	1.81190931756e-06
cz	1.81190931756e-06
c]	1.81190931756e-06
c=	1.81190931756e-06
a]	1.81190931756e-06
` 	1.81190931756e-06
]u	1.81190931756e-06
]s	1.81190931756e-06
]r	1.81190931756e-06
\ 	1.81190931756e-06
[w	1.81190931756e-06
[c	1.81190931756e-06
[b	1.81190931756e-06
['	1.81190931756e-06
?<	1.81190931756e-06
>y	1.81190931756e-06
>v	1.81190931756e-06
>6	1.81190931756e-06
>5	1.81190931756e-06
>4	1.81190931756e-06
>'	1.81190931756e-06
=n	1.81190931756e-06
=l	1.81190931756e-06
9m	1.81190931756e-06
9g	1.81190931756e-06
8%	1.81190931756e-06
7g	1.81190931756e-06
6k	1.81190931756e-06
6%	1.81190931756e-06
5m	1.81190931756e-06
4a	1.81190931756e-06
3m	1.81190931756e-06
3h	1.81190931756e-06
3<	1.81190931756e-06
3%	1.81190931756e-06
2s	1.81190931756e-06
2g	1.81190931756e-06
2d	1.81190931756e-06
2b	1.81190931756e-06
2%	1.81190931756e-06
1g	1.81190931756e-06
1<	1.81190931756e-06
1;	1.81190931756e-06
1'	1.81190931756e-06
0;	1.81190931756e-06
0%	1.81190931756e-06
,7	1.81190931756e-06
,1	1.81190931756e-06
+i	1.81190931756e-06
+d	1.81190931756e-06
);	1.81190931756e-06
)(	1.81190931756e-06
(k	1.81190931756e-06
(>	1.81190931756e-06
']	1.81190931756e-06
';	1.81190931756e-06
"!"""	1.81190931756e-06
 `	1.81190931756e-06
 \	1.81190931756e-06
 ;	1.81190931756e-06
 )	1.81190931756e-06
zs	1.00768663364e-06
zd	1.00768663364e-06
yy	1.00768663364e-06
yx	1.00768663364e-06
yv	1.00768663364e-06
yk	1.00768663364e-06
wu	1.00768663364e-06
vr	1.00768663364e-06
vl	1.00768663364e-06
vh	1.00768663364e-06
u)	1.00768663364e-06
tj	1.00768663364e-06
t6	1.00768663364e-06
sx	1.00768663364e-06
sj	1.00768663364e-06
r3	1.00768663364e-06
q.	1.00768663364e-06
"o"""	1.00768663364e-06
m:	1.00768663364e-06
kj	1.00768663364e-06
k)	1.00768663364e-06
jp	1.00768663364e-06
jn	1.00768663364e-06
jd	1.00768663364e-06
i8	1.00768663364e-06
hf	1.00768663364e-06
fk	1.00768663364e-06
fh	1.00768663364e-06
fg	1.00768663364e-06
f;	1.00768663364e-06
f:	1.00768663364e-06
e0	1.00768663364e-06
dz	1.00768663364e-06
dk	1.00768663364e-06
bk	1.00768663364e-06
bh	1.00768663364e-06
b'	1.00768663364e-06
":"""	1.00768663364e-06
9j	1.00768663364e-06
8s	1.00768663364e-06
7p	1.00768663364e-06
7n	1.00768663364e-06
7e	1.00768663364e-06
79	1.00768663364e-06
6n	1.00768663364e-06
5j	1.00768663364e-06
4l	1.00768663364e-06
4k	1.00768663364e-06
46	1.00768663364e-06
3t	1.00768663364e-06
34	1.00768663364e-06
2p	1.00768663364e-06
2j	1.00768663364e-06
1t	1.00768663364e-06
0r	1.00768663364e-06
.k	1.00768663364e-06
-z	1.00768663364e-06
-9	1.00768663364e-06
-7	1.00768663364e-06
,t	1.00768663364e-06
,n	1.00768663364e-06
,k	1.00768663364e-06
,a	1.00768663364e-06
,)	1.00768663364e-06
*x	1.00768663364e-06
*0	1.00768663364e-06
*,	1.00768663364e-06
*'	1.00768663364e-06
(-	1.00768663364e-06
(,	1.00768663364e-06
"""k"	1.00768663364e-06
̶	0.0
ț	0.0
ș	0.0
Ș	0.0
ż	0.0
ź	0.0
ş	0.0
ś	0.0
œ	0.0
ō	0.0
ń	0.0
ł	0.0
ı	0.0
İ	0.0
ğ	0.0
ę	0.0
ć	0.0
ą	0.0
ă	0.0
ü	0.0
û	0.0
ú	0.0
ù	0.0
ö	0.0
õ	0.0
ô	0.0
ó	0.0
ò	0.0
ñ	0.0
ï	0.0
î	0.0
í	0.0
ì	0.0
ë	0.0
ê	0.0
é	0.0
è	0.0
ç	0.0
æ	0.0
å	0.0
ä	0.0
ã	0.0
â	0.0
á	0.0
à	0.0
ß	0.0
Ü	0.0
Ö	0.0
Î	0.0
É	0.0
È	0.0
Ç	0.0
Ä	0.0
¿	0.0
»	0.0
´	0.0
°	0.0
«	0.0
£	0.0
¡	0.0
	0.0
~p	0.0
~j	0.0
~i	0.0
~d	0.0
~_	0.0
~ 	0.0
|o	0.0
|l	0.0
|h	0.0
|c	0.0
|b	0.0
| 	0.0
{w	0.0
{a	0.0
zx	0.0
zw	0.0
zv	0.0
zt	0.0
zr	0.0
zq	0.0
zp	0.0
zn	0.0
zk	0.0
zj	0.0
zg	0.0
zf	0.0
zc	0.0
z_	0.0
z?	0.0
z:	0.0
z9	0.0
z8	0.0
z7	0.0
z6	0.0
z5	0.0
z4	0.0
z3	0.0
z2	0.0
z1	0.0
z0	0.0
z/	0.0
z.	0.0
z)	0.0
z'	0.0
z!	0.0
y~	0.0
yq	0.0
y`	0.0
y]	0.0
y=	0.0
y9	0.0
y8	0.0
y7	0.0
y6	0.0
y5	0.0
y4	0.0
y3	0.0
y2	0.0
y1	0.0
y0	0.0
y/	0.0
y+	0.0
y&	0.0
y%	0.0
y#	0.0
xz	0.0
xw	0.0
xv	0.0
xn	0.0
xm	0.0
xl	0.0
xk	0.0
xj	0.0
xg	0.0
xd	0.0
x_	0.0
x]	0.0
x@	0.0
x9	0.0
x8	0.0
x7	0.0
x6	0.0
x5	0.0
x3	0.0
x2	0.0
x1	0.0
x0	0.0
x/	0.0
x'	0.0
x%	0.0
"x"""	0.0
x!	0.0
w~	0.0
wz	0.0
wx	0.0
wv	0.0
wq	0.0
wj	0.0
w\	0.0
w=	0.0
w8	0.0
w7	0.0
w6	0.0
w5	0.0
w4	0.0
w2	0.0
w+	0.0
w&	0.0
vz	0.0
vx	0.0
vw	0.0
vq	0.0
vp	0.0
vn	0.0
vm	0.0
vj	0.0
vg	0.0
vf	0.0
vc	0.0
vb	0.0
v_	0.0
v=	0.0
v:	0.0
v9	0.0
v8	0.0
v6	0.0
v5	0.0
v4	0.0
v2	0.0
v1	0.0
v0	0.0
v/	0.0
v'	0.0
v&	0.0
v%	0.0
v!	0.0
uq	0.0
u_	0.0
u@	0.0
u=	0.0
u<	0.0
u:	0.0
u9	0.0
u8	0.0
u6	0.0
u5	0.0
u4	0.0
u3	0.0
u2	0.0
u1	0.0
u0	0.0
u/	0.0
u+	0.0
u*	0.0
u&	0.0
"u"""	0.0
t^	0.0
t@	0.0
t<	0.0
t9	0.0
t8	0.0
t7	0.0
t5	0.0
t4	0.0
t3	0.0
t2	0.0
t0	0.0
t+	0.0
t(	0.0
t%	0.0
t$	0.0
t#	0.0
s~	0.0
s|	0.0
sz	0.0
sv	0.0
s>	0.0
s=	0.0
s9	0.0
s8	0.0
s6	0.0
s5	0.0
s4	0.0
s3	0.0
s1	0.0
s0	0.0
s+	0.0
s*	0.0
s&	0.0
s%	0.0
s#	0.0
r}	0.0
r|	0.0
r]	0.0
r=	0.0
r9	0.0
r8	0.0
r7	0.0
r6	0.0
r5	0.0
r4	0.0
r2	0.0
r1	0.0
r0	0.0
r/	0.0
r+	0.0
r*	0.0
r&	0.0
r%	0.0
r$	0.0
qz	0.0
qy	0.0
qx	0.0
qw	0.0
qt	0.0
qr	0.0
qq	0.0
qp	0.0
qo	0.0
qn	0.0
qm	0.0
ql	0.0
qk	0.0
qj	0.0
qh	0.0
qg	0.0
qf	0.0
qd	0.0
qb	0.0
q_	0.0
q?	0.0
q:	0.0
q9	0.0
q7	0.0
q6	0.0
q5	0.0
q4	0.0
q3	0.0
q2	0.0
q1	0.0
q0	0.0
q/	0.0
q-	0.0
q&	0.0
"q"""	0.0
q!	0.0
pz	0.0
px	0.0
pv	0.0
pq	0.0
pj	0.0
p_	0.0
p]	0.0
p=	0.0
p:	0.0
p9	0.0
p8	0.0
p6	0.0
p5	0.0
p4	0.0
p3	0.0
p2	0.0
p1	0.0
p0	0.0
p/	0.0
p*	0.0
p&	0.0
p%	0.0
"p"""	0.0
p!	0.0
oq	0.0
o_	0.0
o]	0.0
o=	0.0
o;	0.0
o9	0.0
o8	0.0
o7	0.0
o5	0.0
o4	0.0
o3	0.0
o1	0.0
o0	0.0
o+	0.0
o*	0.0
o%	0.0
n~	0.0
n`	0.0
n=	0.0
n9	0.0
n8	0.0
n7	0.0
n6	0.0
n5	0.0
n4	0.0
n3	0.0
n2	0.0
n0	0.0
n+	0.0
n*	0.0
n&	0.0
n%	0.0
n#	0.0
mz	0.0
mx	0.0
mq	0.0
mk	0.0
mj	0.0
m_	0.0
m]	0.0
m=	0.0
m8	0.0
m7	0.0
m6	0.0
m4	0.0
m3	0.0
m2	0.0
m0	0.0
m+	0.0
m(	0.0
m&	0.0
m%	0.0
m#	0.0
"m"""	0.0
l~	0.0
lz	0.0
lx	0.0
lq	0.0
lj	0.0
l`	0.0
l@	0.0
l=	0.0
l9	0.0
l8	0.0
l7	0.0
l6	0.0
l5	0.0
l2	0.0
l1	0.0
l*	0.0
l&	0.0
l%	0.0
l#	0.0
k~	0.0
kz	0.0
kx	0.0
kv	0.0
kq	0.0
k_	0.0
k=	0.0
k:	0.0
k9	0.0
k8	0.0
k7	0.0
k6	0.0
k5	0.0
k4	0.0
k3	0.0
k2	0.0
k1	0.0
k0	0.0
k+	0.0
k*	0.0
k(	0.0
k#	0.0
"k"""	0.0
jz	0.0
jy	0.0
jx	0.0
jw	0.0
jv	0.0
jt	0.0
js	0.0
jr	0.0
jq	0.0
jl	0.0
jh	0.0
jg	0.0
jc	0.0
jb	0.0
j_	0.0
j?	0.0
j=	0.0
j:	0.0
j9	0.0
j8	0.0
j7	0.0
j6	0.0
j5	0.0
j4	0.0
j3	0.0
j2	0.0
j1	0.0
j0	0.0
j/	0.0
j-	0.0
j'	0.0
j&	0.0
i`	0.0
i_	0.0
i=	0.0
i;	0.0
i:	0.0
i9	0.0
i7	0.0
i6	0.0
i5	0.0
i4	0.0
i3	0.0
i2	0.0
i0	0.0
i/	0.0
i*	0.0
i&	0.0
"i"""	0.0
i!	0.0
hz	0.0
hx	0.0
hq	0.0
hj	0.0
h_	0.0
h=	0.0
h9	0.0
h8	0.0
h7	0.0
h6	0.0
h4	0.0
h3	0.0
h2	0.0
h1	0.0
h0	0.0
h/	0.0
h+	0.0
h*	0.0
h&	0.0
h%	0.0
h$	0.0
g|	0.0
gz	0.0
gx	0.0
gv	0.0
gq	0.0
gc	0.0
g9	0.0
g8	0.0
g6	0.0
g5	0.0
g4	0.0
g2	0.0
g1	0.0
g0	0.0
g/	0.0
g+	0.0
g&	0.0
g%	0.0
fz	0.0
fx	0.0
fv	0.0
fq	0.0
fj	0.0
fc	0.0
f_	0.0
f=	0.0
f9	0.0
f8	0.0
f7	0.0
f6	0.0
f5	0.0
f4	0.0
f1	0.0
f0	0.0
f+	0.0
f*	0.0
f(	0.0
f%	0.0
"f"""	0.0
e~	0.0
e|	0.0
e`	0.0
e9	0.0
e8	0.0
e7	0.0
e5	0.0
e3	0.0
e+	0.0
e(	0.0
e&	0.0
e%	0.0
e$	0.0
e#	0.0
d~	0.0
d|	0.0
dx	0.0
d]	0.0
d=	0.0
d8	0.0
d7	0.0
d6	0.0
d5	0.0
d4	0.0
d3	0.0
d2	0.0
d1	0.0
d0	0.0
d+	0.0
d&	0.0
d%	0.0
d#	0.0
cx	0.0
cv	0.0
c_	0.0
c:	0.0
c9	0.0
c8	0.0
c7	0.0
c6	0.0
c5	0.0
c4	0.0
c3	0.0
c2	0.0
c1	0.0
c0	0.0
c/	0.0
c+	0.0
c*	0.0
c&	0.0
c!	0.0
bx	0.0
bq	0.0
bg	0.0
bf	0.0
b=	0.0
b:	0.0
b9	0.0
b8	0.0
b7	0.0
b6	0.0
b5	0.0
b4	0.0
b3	0.0
b2	0.0
b1	0.0
b0	0.0
b+	0.0
b(	0.0
b%	0.0
"b"""	0.0
b!	0.0
a~	0.0
a_	0.0
a=	0.0
a;	0.0
a9	0.0
a8	0.0
a7	0.0
a6	0.0
a5	0.0
a4	0.0
a3	0.0
a2	0.0
a1	0.0
a0	0.0
a+	0.0
a*	0.0
a&	0.0
a%	0.0
a$	0.0
`v	0.0
`t	0.0
`s	0.0
`m	0.0
`l	0.0
`i	0.0
_~	0.0
_z	0.0
_y	0.0
_x	0.0
_v	0.0
_u	0.0
_q	0.0
_p	0.0
_m	0.0
_k	0.0
_j	0.0
_e	0.0
_d	0.0
_c	0.0
_b	0.0
__	0.0
_^	0.0
_=	0.0
_;	0.0
_:	0.0
_9	0.0
_8	0.0
_7	0.0
_6	0.0
_5	0.0
_4	0.0
_3	0.0
_2	0.0
_/	0.0
_.	0.0
_-	0.0
"_"""	0.0
^t	0.0
^_	0.0
^ 	0.0
][	0.0
\x	0.0
\o	0.0
\\	0.0
[v	0.0
[u	0.0
[s	0.0
[r	0.0
[p	0.0
[o	0.0
[n	0.0
[m	0.0
[l	0.0
[h	0.0
[e	0.0
[d	0.0
[1	0.0
[ 	0.0
@z	0.0
@y	0.0
@x	0.0
@v	0.0
@u	0.0
@q	0.0
@p	0.0
@n	0.0
@m	0.0
@k	0.0
@j	0.0
@g	0.0
@f	0.0
@d	0.0
@b	0.0
@_	0.0
@?	0.0
@9	0.0
@8	0.0
@6	0.0
@5	0.0
@4	0.0
@2	0.0
@1	0.0
@0	0.0
?z	0.0
?x	0.0
?w	0.0
?v	0.0
?u	0.0
?t	0.0
?s	0.0
?q	0.0
?p	0.0
?o	0.0
?m	0.0
?l	0.0
?k	0.0
?j	0.0
?i	0.0
?h	0.0
?g	0.0
?f	0.0
?e	0.0
?c	0.0
?a	0.0
?:	0.0
?3	0.0
?1	0.0
?.	0.0
?(	0.0
?&	0.0
> 	0.0
=z	0.0
=y	0.0
=v	0.0
=u	0.0
=t	0.0
=s	0.0
=r	0.0
=p	0.0
=o	0.0
=m	0.0
=j	0.0
=i	0.0
=g	0.0
=f	0.0
=e	0.0
=d	0.0
=c	0.0
=b	0.0
=a	0.0
=_	0.0
=>	0.0
=9	0.0
=8	0.0
=7	0.0
=6	0.0
=5	0.0
=4	0.0
=3	0.0
=2	0.0
=1	0.0
=0	0.0
=/	0.0
=&	0.0
=%	0.0
<>	0.0
<4	0.0
<3	0.0
< 	0.0
;z	0.0
;v	0.0
;u	0.0
;s	0.0
;p	0.0
;o	0.0
;n	0.0
;m	0.0
;l	0.0
;j	0.0
;i	0.0
;h	0.0
;f	0.0
;e	0.0
;c	0.0
;b	0.0
;a	0.0
;_	0.0
;?	0.0
;;	0.0
;:	0.0
;9	0.0
;3	0.0
;0	0.0
;.	0.0
;,	0.0
;)	0.0
;&	0.0
;$	0.0
:v	0.0
:t	0.0
:s	0.0
:r	0.0
:p	0.0
:o	0.0
:l	0.0
:e	0.0
:d	0.0
:b	0.0
:a	0.0
:@	0.0
:;	0.0
:6	0.0
:5	0.0
:4	0.0
:1	0.0
:.	0.0
:-	0.0
:+	0.0
:*	0.0
:)	0.0
:(	0.0
:'	0.0
9z	0.0
9x	0.0
9w	0.0
9v	0.0
9u	0.0
9s	0.0
9r	0.0
9q	0.0
9o	0.0
9n	0.0
9l	0.0
9k	0.0
9i	0.0
9h	0.0
9f	0.0
9e	0.0
9d	0.0
9c	0.0
9b	0.0
9_	0.0
9;	0.0
9/	0.0
9%	0.0
"9"""	0.0
8z	0.0
8y	0.0
8x	0.0
8w	0.0
8u	0.0
8r	0.0
8q	0.0
8p	0.0
8o	0.0
8l	0.0
8k	0.0
8j	0.0
8i	0.0
8h	0.0
8f	0.0
8e	0.0
8d	0.0
8c	0.0
8b	0.0
8_	0.0
8;	0.0
8/	0.0
8&	0.0
"8"""	0.0
7z	0.0
7y	0.0
7x	0.0
7w	0.0
7u	0.0
7r	0.0
7q	0.0
7o	0.0
7m	0.0
7l	0.0
7k	0.0
7j	0.0
7i	0.0
7h	0.0
7f	0.0
7d	0.0
7c	0.0
7b	0.0
7a	0.0
7:	0.0
7/	0.0
7'	0.0
"7"""	0.0
7!	0.0
6z	0.0
6x	0.0
6w	0.0
6v	0.0
6u	0.0
6s	0.0
6r	0.0
6p	0.0
6o	0.0
6m	0.0
6l	0.0
6j	0.0
6i	0.0
6h	0.0
6g	0.0
6f	0.0
6e	0.0
6d	0.0
6c	0.0
6b	0.0
6a	0.0
6_	0.0
6(	0.0
6'	0.0
"6"""	0.0
5z	0.0
5y	0.0
5x	0.0
5w	0.0
5v	0.0
5u	0.0
5s	0.0
5r	0.0
5q	0.0
5o	0.0
5l	0.0
5k	0.0
5i	0.0
5h	0.0
5g	0.0
5f	0.0
5e	0.0
5d	0.0
5c	0.0
5b	0.0
5?	0.0
5+	0.0
5'	0.0
"5"""	0.0
5!	0.0
4z	0.0
4y	0.0
4x	0.0
4w	0.0
4v	0.0
4u	0.0
4r	0.0
4q	0.0
4o	0.0
4n	0.0
4m	0.0
4j	0.0
4i	0.0
4g	0.0
4f	0.0
4e	0.0
4d	0.0
4c	0.0
4b	0.0
4_	0.0
4;	0.0
4+	0.0
4*	0.0
4'	0.0
4&	0.0
4%	0.0
4#	0.0
"4"""	0.0
3z	0.0
3y	0.0
3x	0.0
3w	0.0
3v	0.0
3u	0.0
3s	0.0
3q	0.0
3o	0.0
3n	0.0
3l	0.0
3j	0.0
3i	0.0
3f	0.0
3e	0.0
3b	0.0
3_	0.0
3]	0.0
3?	0.0
3'	0.0
"3"""	0.0
3!	0.0
2z	0.0
2y	0.0
2x	0.0
2w	0.0
2v	0.0
2u	0.0
2t	0.0
2r	0.0
2q	0.0
2o	0.0
2m	0.0
2l	0.0
2k	0.0
2i	0.0
2e	0.0
2_	0.0
2]	0.0
2?	0.0
2=	0.0
2/	0.0
2'	0.0
2&	0.0
2$	0.0
"2"""	0.0
2!	0.0
1z	0.0
1y	0.0
1w	0.0
1v	0.0
1r	0.0
1q	0.0
1o	0.0
1n	0.0
1l	0.0
1k	0.0
1j	0.0
1i	0.0
1f	0.0
1e	0.0
1d	0.0
1c	0.0
1b	0.0
1=	0.0
1+	0.0
1&	0.0
1!	0.0
0z	0.0
0y	0.0
0x	0.0
0w	0.0
0v	0.0
0u	0.0
0q	0.0
0o	0.0
0n	0.0
0l	0.0
0k	0.0
0j	0.0
0i	0.0
0h	0.0
0f	0.0
0e	0.0
0d	0.0
0c	0.0
0b	0.0
0_	0.0
0:	0.0
0/	0.0
0+	0.0
0&	0.0
"0"""	0.0
/~	0.0
/}	0.0
/z	0.0
/v	0.0
/t	0.0
/q	0.0
/k	0.0
/j	0.0
/c	0.0
/_	0.0
/?	0.0
/:	0.0
/9	0.0
/8	0.0
/7	0.0
/6	0.0
/5	0.0
//	0.0
/.	0.0
/-	0.0
/,	0.0
/%	0.0
.~	0.0
.|	0.0
.y	0.0
.l	0.0
.f	0.0
.b	0.0
.@	0.0
.?	0.0
.=	0.0
.:	0.0
.#	0.0
-x	0.0
-q	0.0
-_	0.0
-:	0.0
-.	0.0
-'	0.0
-%	0.0
-$	0.0
"-"""	0.0
,y	0.0
,w	0.0
,v	0.0
,u	0.0
,s	0.0
,p	0.0
,o	0.0
,m	0.0
,l	0.0
,i	0.0
,h	0.0
,g	0.0
,f	0.0
,d	0.0
,c	0.0
,b	0.0
,;	0.0
,8	0.0
,6	0.0
,4	0.0
,3	0.0
,2	0.0
,+	0.0
+y	0.0
+x	0.0
+w	0.0
+v	0.0
+u	0.0
+t	0.0
+s	0.0
+r	0.0
+p	0.0
+o	0.0
+n	0.0
+m	0.0
+l	0.0
+k	0.0
+h	0.0
+g	0.0
+f	0.0
+e	0.0
+c	0.0
+b	0.0
+a	0.0
+9	0.0
+4	0.0
+2	0.0
+/	0.0
+(	0.0
+%	0.0
+$	0.0
*~	0.0
*_	0.0
*\	0.0
*@	0.0
*?	0.0
*>	0.0
*=	0.0
*<	0.0
*;	0.0
*:	0.0
*/	0.0
*&	0.0
*$	0.0
*#	0.0
)w	0.0
)t	0.0
)s	0.0
)r	0.0
)l	0.0
)i	0.0
)c	0.0
)?	0.0
)5	0.0
))	0.0
(q	0.0
(9	0.0
((	0.0
'y	0.0
'j	0.0
'@	0.0
'9	0.0
'5	0.0
'4	0.0
'2	0.0
'0	0.0
')	0.0
'(	0.0
''	0.0
&x	0.0
&v	0.0
&u	0.0
&s	0.0
&r	0.0
&q	0.0
&p	0.0
&o	0.0
&m	0.0
&l	0.0
&k	0.0
&j	0.0
&i	0.0
&h	0.0
&f	0.0
&d	0.0
&c	0.0
&b	0.0
&a	0.0
&2	0.0
&&	0.0
&#	0.0
%y	0.0
%o	0.0
%m	0.0
%g	0.0
%e	0.0
%d	0.0
%c	0.0
%b	0.0
%a	0.0
%9	0.0
%8	0.0
%3	0.0
%2	0.0
%.	0.0
%%	0.0
$w	0.0
$v	0.0
$n	0.0
$h	0.0
$g	0.0
$d	0.0
$a	0.0
$9	0.0
$7	0.0
$6	0.0
$4	0.0
$3	0.0
$1	0.0
$.	0.0
$-	0.0
$+	0.0
$ 	0.0
#z	0.0
#y	0.0
#x	0.0
#w	0.0
#v	0.0
#u	0.0
#t	0.0
#s	0.0
#r	0.0
#q	0.0
#p	0.0
#o	0.0
#n	0.0
#m	0.0
#l	0.0
#k	0.0
#j	0.0
#i	0.0
#h	0.0
#g	0.0
#f	0.0
#e	0.0
#d	0.0
#c	0.0
#b	0.0
#a	0.0
#_	0.0
#;	0.0
#:	0.0
#9	0.0
#7	0.0
#6	0.0
#5	0.0
#4	0.0
#3	0.0
#2	0.0
#1	0.0
##	0.0
# 	0.0
"""z"	0.0
"""@"	0.0
"""9"	0.0
"""7"	0.0
"""5"	0.0
"""1"	0.0
"""-"	0.0
""","	0.0
"""("	0.0
""""""	0.0
!x	0.0
!w	0.0
!t	0.0
!s	0.0
!r	0.0
!p	0.0
!o	0.0
!n	0.0
!j	0.0
!i	0.0
!h	0.0
!e	0.0
!d	0.0
!b	0.0
!a	0.0
!@	0.0
!<	0.0
!:	0.0
!3	0.0
!*	0.0
 {	0.0
 ^	0.0
 @	0.0
 ?	0.0
 >	0.0
 %	0.0
 #	0.0
 !	0.0
